nim;job_text_raw;label
E31201932;freelance kerja lepas;Wirausaha Informatika
E31200837;founder;Wirausaha Informatika
E31191434;staff;Programmer
E31201537;freelance kerja lepas;Wirausaha Informatika
E31191441;freelance kerja lepas;Wirausaha Informatika
E31181049;freelance kerja lepas;Programmer
E31200822;staff;Wirausaha Informatika
E31201020;staff;Non-IT
E31200238;staff kontrak;Non-IT
E31171935;machine operator;Non-IT
E31192166;founder;Wirausaha Informatika
E31200102;freelance kerja lepas;Wirausaha Informatika
E31160306;admin stnk bpkb;Non-IT
E31180276;staff;Wirausaha Informatika
E31192214;staff;Programmer
E31180303;staff;Non-IT
E31181474;founder;Wirausaha Informatika
E31171470;staf;Non-IT
E31202314;staf pelaksana;Non-IT
E31170372;administrative assistant pdpt upt tik;Non-IT
E31201773;freelance kerja lepas;Programmer
E31190320;staff;Wirausaha Informatika
E31201845;founder;Wirausaha Informatika
E31201634;staff;Non-IT
E31191982;staff;Non-IT
E31180295;freelance kerja lepas;Wirausaha Informatika
E31180678;freelance kerja lepas;Wirausaha Informatika
E31190237;staff;Non-IT
E31190731;founder;Programmer
E31192403;freelance kerja lepas;Wirausaha Informatika
E31180306;staff;Data Analyst
E31171868;information technology staff;Non-IT
E31191621;staff;Non-IT
E31170734;administrative assistant;Non-IT
E31160690;graphic designer;Non-IT
E31201372;founder;Wirausaha Informatika
E31180370;freelance kerja lepas;Wirausaha Informatika
E31180575;staff;Programmer
E31181553;staff admin;Non-IT
E31201950;marketing officer;Non-IT
E31170389;field coll;Non-IT
E31200061;marketing officer;Non-IT
E31192060;freelance kerja lepas;Wirausaha Informatika
E31192472;freelance kerja lepas;Non-IT
E31200973;programmer;Programmer
E31201794;founder;Wirausaha Informatika
E31200700;staff;Wirausaha Informatika
E31200888;freelance kerja lepas;Wirausaha Informatika
E31182101;founder;Wirausaha Informatika
E31192293;freelance kerja lepas;Wirausaha Informatika
E31180509;freelance kerja lepas;Wirausaha Informatika
E31202562;staff;Non-IT
E31201690;staff;Non-IT
E31201146;freelance kerja lepas;Wirausaha Informatika
E31171618;customer service staff;Non-IT
E31181097;call center officer;Non-IT
E31170384;customer service;Non-IT
E31192281;mitra rider operational;Non-IT
E31171333;it staff teknisi;Programmer
E31201939;freelance kerja lepas;Programmer
E31190933;staff;Non-IT
E31171296;cutting machine operator;Non-IT
E31190993;staff;Non-IT
E31202394;staff;Non-IT
E31180825;staff;Non-IT
E31200864;freelance kerja lepas;Wirausaha Informatika
E31180513;it staff teknisi;Programmer
E31201887;freelance kerja lepas;Programmer
E31180691;founder;Wirausaha Informatika
E31192024;teknisi laboratorium;Programmer
E31191848;fullstack developer;Programmer
E31190800;staff;Non-IT
E31201177;freelance kerja lepas;Wirausaha Informatika
E31171427;pranata komputer;Non-IT
E31191460;freelance kerja lepas;Wirausaha Informatika
E31201422;freelance kerja lepas;Non-IT
E31160524;kepala urusan perencanaan;Non-IT
E31190397;freelance kerja lepas;Wirausaha Informatika
E31201431;freelance kerja lepas;Data Analyst
E31171367;office administrator;Non-IT
E31202319;freelance kerja lepas;Wirausaha Informatika
E31160548;senior backend engineer;Programmer
E31200456;data analyst;Data Analyst
E31171103;it staff teknisi;Programmer
E31192347;freelance kerja lepas;Wirausaha Informatika
E31192213;freelance kerja lepas;Programmer
E31190341;staff;Programmer
E31202523;freelance kerja lepas;Wirausaha Informatika
E31171350;programmer developer;Programmer
E31180207;founder;Wirausaha Informatika
E31201459;freelance kerja lepas;Wirausaha Informatika
E31190987;staff administrasi;Non-IT
E31160910;founder;Wirausaha Informatika
E31160241;web developer;Programmer
E31191234;staff;Non-IT
E31191551;freelance kerja lepas;Wirausaha Informatika
E31200649;human resource;Non-IT
E31171243;it staff teknisi;Programmer
E31181955;freelance kerja lepas;Programmer
E31181158;freelance kerja lepas;Programmer
E31190527;founder;Wirausaha Informatika
E31170445;it staff teknisi;Programmer
E31171061;back end developer;Programmer
E31180456;it staff teknisi;Programmer
E31191660;founder;Wirausaha Informatika
E31180297;founder;Wirausaha Informatika
E31172262;it staff teknisi;Programmer
E31182299;staff noc;Programmer
E31200912;staff;Non-IT
E31201246;digital marketing;Non-IT
E31191879;founder;Wirausaha Informatika
E31190134;freelance kerja lepas;Wirausaha Informatika
E31192463;founder;Wirausaha Informatika
E31192304;founder;Wirausaha Informatika
E31202490;freelance kerja lepas;Wirausaha Informatika
E31192116;freelance kerja lepas;Wirausaha Informatika
E31170763;document control specialist;Non-IT
E31191250;founder;Wirausaha Informatika
E31162061;web developer;Programmer
E31191228;it staff teknisi;Programmer
E31201237;staff;Non-IT
E31170805;senior account manager;Non-IT
E31180748;freelance kerja lepas;Wirausaha Informatika
E31181391;staff;Non-IT
E31191310;founder;Wirausaha Informatika
E31171257;admin dan digital marketing;Non-IT
E31190631;staff;Non-IT
E31191120;freelance kerja lepas;Programmer
E31171444;wirausaha founder;Wirausaha Informatika
E31181885;staff admin;Non-IT
E31202451;staff;Non-IT
E31181496;programmer developer;Programmer
E31171777;programmer developer;Programmer
E31171076;support specialist;Programmer
E31192382;staff;Non-IT
E31182077;data analyst;Data Analyst
E31192029;freelance kerja lepas;Programmer
E31201228;founder;Wirausaha Informatika
E31191894;fullstack developer;Programmer
E31180884;staff;Programmer
E31180686;founder;Wirausaha Informatika
E31201647;founder;Wirausaha Informatika
E31190070;staff administrator;Non-IT
E31192292;staff;Non-IT
E31171236;it staff teknisi;Programmer
E31160622;programmer;Programmer
E31170906;wirausaha founder;Wirausaha Informatika
E31190785;freelance kerja lepas;Wirausaha Informatika
E31170087;design development;Non-IT
E31191006;freelance kerja lepas;Wirausaha Informatika
E31180878;freelance kerja lepas;Programmer
E31172208;fullstack developer web app;Programmer
E31201365;founder;Programmer
E31180703;it staff teknisi;Programmer
E31190648;founder;Programmer
E31191919;freelance kerja lepas;Wirausaha Informatika
E31191116;freelance kerja lepas;Wirausaha Informatika
E31192047;founder;Wirausaha Informatika
E31171096;customer service officer;Non-IT
E31170715;administrasi;Non-IT
E31190957;freelance kerja lepas;Wirausaha Informatika
E31191286;staff;Non-IT
E31192123;customer engineer;Programmer
E31180696;founder;Wirausaha Informatika
E31171869;programmer developer;Programmer
E31202536;freelance kerja lepas;Data Analyst
E31190883;staff;Programmer
E31181131;founder;Data Analyst
E31182235;programmer developer;Programmer
E31180332;founder;Wirausaha Informatika
E31161169;customer service;Non-IT
E31190939;founder;Wirausaha Informatika
E31161776;web developer;Programmer
E31180256;freelance kerja lepas;Wirausaha Informatika
E31201687;staff graphic designer;Non-IT
E31192159;staff data;Non-IT
E31192353;founder;Wirausaha Informatika
E31171151;sales executive;Non-IT
E31180464;staff;Wirausaha Informatika
E31192259;owner;Wirausaha Informatika
E31201954;freelance kerja lepas;Wirausaha Informatika
E31171313;it staff teknisi;Programmer
E31192254;freelance kerja lepas;Programmer
E31201829;staff;Non-IT
E31202278;founder;Wirausaha Informatika
E31190286;staff;Non-IT
E31201056;freelance kerja lepas;Wirausaha Informatika
E31200001;freelance kerja lepas;Wirausaha Informatika
E31171431;guru tik;Non-IT
E31192033;staff;Programmer
E31190865;founder;Programmer
E31170933;tester;Programmer
E31170772;engineer product;Programmer
E31190279;founder;Programmer
E31170392;it staff teknisi;Programmer
E31201555;freelance kerja lepas;Non-IT
E31180373;staff;Non-IT
E31201573;staff;Non-IT
E31192221;freelance kerja lepas;Wirausaha Informatika
E31181263;staff;Non-IT
E31171996;beauty advisor you;Non-IT
E31181091;management informatika;Programmer
E31180724;lain lain;Non-IT
E31191547;staf sdm parmas;Non-IT
E31181436;staff;Programmer
E31202279;freelance kerja lepas;Programmer
E31192175;petugas barang bukti;Non-IT
E31192120;freelance kerja lepas;Wirausaha Informatika
E31181929;administrasi bmn;Non-IT
E31192264;founder;Wirausaha Informatika
E31171680;quality control specialist;Non-IT
E31202345;founder;Wirausaha Informatika
E31171791;pranata komputer;Non-IT
E31201536;freelance kerja lepas;Programmer
E31190055;staff usaha pelabuhan;Wirausaha Informatika
E31200997;freelance kerja lepas;Wirausaha Informatika
E31181373;freelance kerja lepas;Non-IT
E31180638;founder;Wirausaha Informatika
E31181709;staff;Programmer
E31190302;teknisi laboratorium;Programmer
E31182133;freelance kerja lepas;Programmer
E31181991;wirausaha founder;Wirausaha Informatika
E31182030;freelance kerja lepas;Programmer
E31200284;staff;Non-IT
E31190408;freelance kerja lepas;Wirausaha Informatika
E31190801;staff;Non-IT
E31171799;web programmer;Programmer
E31190596;staff;Non-IT
E31180369;freelance kerja lepas;Wirausaha Informatika
E31182140;programer;Programmer
E31200918;freelance kerja lepas;Wirausaha Informatika
E31190698;staff;Non-IT
E31190658;staff;Non-IT
E31202339;freelance kerja lepas;Wirausaha Informatika
E31181971;freelance kerja lepas;Wirausaha Informatika
E31160880;teller;Non-IT
E31170217;human resources development officer;Non-IT
E31200844;staff;Programmer
E31171700;administration;Non-IT
E31180504;founder;Wirausaha Informatika
E31181100;freelance kerja lepas;Wirausaha Informatika
E31192416;freelance kerja lepas;Wirausaha Informatika
E31191159;founder;Wirausaha Informatika
E31172013;wirausaha founder;Wirausaha Informatika
E31171971;it staff teknisi;Programmer
E31191394;founder;Wirausaha Informatika
E31201546;freelance kerja lepas;Wirausaha Informatika
E31180707;freelance kerja lepas;Programmer
E31191309;freelance kerja lepas;Programmer
